{"aunt_aunt_brother": 0.6533333333333334, "aunt_grandparent_child": 0.5866666666666667, "aunt_sister_parent": 0.9600000000000001, "aunt_aunt_sister": 0.6733333333333335, "uncle_brother_uncle": 0.6799999999999999, "uncle_grandparent_child": 0.56, "uncle_parent_brother": 0.9933333333333334, "uncle_uncle_sister": 0.6666666666666667, "spouse_spouse": 0.84, "spouse_child_parent": 0.58, "brother_uncle_child": 0.41333333333333333, "brother_parent_child": 0.8866666666666668, "brother_sister_brother": 0.7333333333333333, "brother_aunt_aunt": 0.4, "brother_grandparent_grandparent": 0.42, "brother_parent_parent": 0.9400000000000001, "brother_sister_sister": 0.7799999999999999, "brother_uncle_uncle": 0.3866666666666667, "sister_brother": 0.7866666666666667, "sister_brother_sister": 0.7333333333333333, "sister_child_aunt": 0.4066666666666666, "sister_parent_child": 0.8533333333333335, "sister_aunt_aunt": 0.37999999999999995, "sister_brother_brother": 0.7466666666666668, "sister_grandparent_grandparent": 0.36000000000000004, "sister_parent_parent": 0.9466666666666668, "sister_uncle_uncle": 0.33333333333333326, "grandparent_brother_grandparent": 0.6866666666666666, "grandparent_grandparent_spouse": 0.7466666666666667, "grandparent_parent_parent": 0.9666666666666667, "grandparent_sister_grandparent": 0.7000000000000003, "grandparent_aunt_child": 0.45333333333333337, "grandparent_parent_child": 0.9466666666666667, "grandparent_uncle_child": 0.4800000000000001, "grandparent_child_child": 0.9333333333333335, "child_child_sister": 0.7733333333333335, "child_brother_uncle": 0.47333333333333333, "child_child_brother": 0.7733333333333334, "child_parent_grandparent": 0.48000000000000004, "child_sister_aunt": 0.42, "child_spouse_parent": 0.8266666666666668, "child_parent": 0.9333333333333333, "child_aunt_brother": 0.41333333333333333, "child_brother_parent": 0.7533333333333334, "child_grandparent_child": 0.4800000000000001, "child_sister_parent": 0.78, "parent_brother_parent": 0.7933333333333334, "parent_child_grandparent": 0.44666666666666666, "parent_parent_spouse": 0.8066666666666668, "parent_sister_parent": 0.78, "parent_aunt_sister": 0.4133333333333333, "parent_brother_child": 0.7400000000000001, "parent_grandparent_parent": 0.44000000000000006, "parent_sister_child": 0.7799999999999999, "parent_uncle_brother": 0.43333333333333335, "parent_child": 0.9266666666666665, "parent_spouse_child": 0.8066666666666668}